<?xml version="1.0" encoding="UTF-8"?>

<faces-config xmlns="http://xmlns.jcp.org/xml/ns/javaee"
              xmlns:xsi="http://www.w3.org/2001/XMLSchema-instance"
              xsi:schemaLocation="http://xmlns.jcp.org/xml/ns/javaee http://xmlns.jcp.org/xml/ns/javaee/web-facesconfig_2_2.xsd"
              version="2.2">
<!-- 	<converter> -->
<!-- 		<converter-for-class>java.sql.Date</converter-for-class> -->
<!-- 		<converter-class>com.redhat.example.faces.converter.SqlDateConverter</converter-class> -->
<!-- 	</converter> -->
<!-- 	<converter> -->
<!-- 		<converter-for-class>java.sql.Time</converter-for-class> -->
<!-- 		<converter-class>com.redhat.example.faces.converter.SqlTimeConverter</converter-class> -->
<!-- 	</converter> -->
</faces-config>